sequence,pred
ACATCCGGCCGCCGGCACTGGATTGCTTCTGTCTGGCGGCGGCAGCATGGCGGCGGGGGCGGC,0.057540845
CCGCCGGCACTGGATTGCTTCTGTCTGGCGGCGGCAGCATGGCGGCGGGGGCGGCTGAGGCAG,0.073979065
CCGGCACTGGATTGCTTCTGTCTGGCGGCGGCAGCATGGCGGCGGGGGCGGCTGAGGCAGCTG,0.093693845
GCACTGGATTGCTTCTGTCTGGCGGCGGCAGCATGGCGGCGGGGGCGGCTGAGGCAGCTGTAG,0.06397718
CACTGGATTGCTTCTGTCTGGCGGCGGCAGCATGGCGGCGGGGGCGGCTGAGGCAGCTGTAGC,0.17105652
ACTGGATTGCTTCTGTCTGGCGGCGGCAGCATGGCGGCGGGGGCGGCTGAGGCAGCTGTAGCG,0.09644471
CTGGATTGCTTCTGTCTGGCGGCGGCAGCATGGCGGCGGGGGCGGCTGAGGCAGCTGTAGCGG,0.05058046
GATTGCTTCTGTCTGGCGGCGGCAGCATGGCGGCGGGGGCGGCTGAGGCAGCTGTAGCGGCCG,0.03565169
TTCTGTCTGGCGGCGGCAGCATGGCGGCGGGGGCGGCTGAGGCAGCTGTAGCGGCCGTGGAGG,0.21584183
GCGGCAGCATGGCGGCGGGGGCGGCTGAGGCAGCTGTAGCGGCCGTGGAGGAGGTCGGCTCAG,0.07097856
GCATGGCGGCGGGGGCGGCTGAGGCAGCTGTAGCGGCCGTGGAGGAGGTCGGCTCAGCCGGGC,0.27690062
TGGCGGCGGGGGCGGCTGAGGCAGCTGTAGCGGCCGTGGAGGAGGTCGGCTCAGCCGGGCAGT,0.0984879
CGGCGGGGGCGGCTGAGGCAGCTGTAGCGGCCGTGGAGGAGGTCGGCTCAGCCGGGCAGTTTG,0.3787095
GGGGGCGGCTGAGGCAGCTGTAGCGGCCGTGGAGGAGGTCGGCTCAGCCGGGCAGTTTGAGGA,0.05266349
TGAGGCAGCTGTAGCGGCCGTGGAGGAGGTCGGCTCAGCCGGGCAGTTTGAGGAGCTGCTGCG,0.04217855
GAGGCAGCTGTAGCGGCCGTGGAGGAGGTCGGCTCAGCCGGGCAGTTTGAGGAGCTGCTGCGC,0.44230005
TAGCGGCCGTGGAGGAGGTCGGCTCAGCCGGGCAGTTTGAGGAGCTGCTGCGCCTCAAAGCCA,0.1059675
TTGAGGAGCTGCTGCGCCTCAAAGCCAAGTCCCTCCTTGTGGTCCATTTCTGGGCACCATGGG,0.26871675
CTGCGCCTCAAAGCCAAGTCCCTCCTTGTGGTCCATTTCTGGGCACCATGGGCTCCACAGTGT,0.18606533
TGCGCCTCAAAGCCAAGTCCCTCCTTGTGGTCCATTTCTGGGCACCATGGGCTCCACAGTGTG,0.18565838
AAAGCCAAGTCCCTCCTTGTGGTCCATTTCTGGGCACCATGGGCTCCACAGTGTGCACAGATG,0.09626128
AAGCCAAGTCCCTCCTTGTGGTCCATTTCTGGGCACCATGGGCTCCACAGTGTGCACAGATGA,0.11554487
CACCATGGGCTCCACAGTGTGCACAGATGAACGAAGTTATGGCAGAGTTAGCTAAAGAACTCC,0.053524837
AGTTAGCTAAAGAACTCCCTCAAGTTTCATTTGTGAAGTTGGAAGCTGAAGGTGTTCCTGAAG,0.05349114
AGAACTCCCTCAAGTTTCATTTGTGAAGTTGGAAGCTGAAGGTGTTCCTGAAGTATCTGAAAA,0.05628135
TCTGTTTTTCAAGAATTCTCAGAAAATCGACCGATTAGATGGTGCACATGCCCCAGAGTTGAC,0.05571827
CCCAGAGTTGACCAAAAAAGTTCAGCGACATGCATCTAGTGGCTCCTTCCTACCCAGCGCTAA,0.08730471
GAAATTGACTCATGCTGCCCCCTGCATGCTGTTTATGAAAGGAACTCCTCAAGAACCACGCTG,0.16532731
CATGCTGTTTATGAAAGGAACTCCTCAAGAACCACGCTGTGGTTTCAGCAAGCAGATGGTGGA,0.25483197
GAACTCCTCAAGAACCACGCTGTGGTTTCAGCAAGCAGATGGTGGAAATTCTTCACAAACATA,0.075592965
CTCCTCAAGAACCACGCTGTGGTTTCAGCAAGCAGATGGTGGAAATTCTTCACAAACATAATA,0.3787568
ATATTCAGTTTAGCAGTTTTGATATCTTCTCAGATGAAGAGGTTCGACAGGGACTCAAAGCCT,0.43377745
TTAGCAGTTTTGATATCTTCTCAGATGAAGAGGTTCGACAGGGACTCAAAGCCTATTCCAGTT,0.24285993
TAGCAGTTTTGATATCTTCTCAGATGAAGAGGTTCGACAGGGACTCAAAGCCTATTCCAGTTG,0.30951717
GATGAAGAGGTTCGACAGGGACTCAAAGCCTATTCCAGTTGGCCTACCTATCCTCAGCTCTAT,0.20182103
CTATTCCAGTTGGCCTACCTATCCTCAGCTCTATGTTTCTGGAGAGCTCATAGGAGGACTTGA,0.20099172
GCCTACCTATCCTCAGCTCTATGTTTCTGGAGAGCTCATAGGAGGACTTGATATAATTAAGGA,0.09118449
TACCTATCCTCAGCTCTATGTTTCTGGAGAGCTCATAGGAGGACTTGATATAATTAAGGAGCT,0.19657484
ATGTTTCTGGAGAGCTCATAGGAGGACTTGATATAATTAAGGAGCTAGAAGCATCTGAAGAAC,0.12890553
AAGAACTAGATACAATTTGTCCCAAAGCTCCCAAATTAGAGGAAAGGCTCAAAGTGCTGACAA,0.12586352
CTAGATACAATTTGTCCCAAAGCTCCCAAATTAGAGGAAAGGCTCAAAGTGCTGACAAATAAA,0.047966763
AGTGCTGACAAATAAAGCTTCTGTGATGCTCTTTATGAAAGGAAACAAACAGGAAGCAAAATG,0.044545073
ATAAAGCTTCTGTGATGCTCTTTATGAAAGGAAACAAACAGGAAGCAAAATGTGGATTCAGCA,0.24067387
GATGCTCTTTATGAAAGGAAACAAACAGGAAGCAAAATGTGGATTCAGCAAACAAATTCTGGA,0.2169629
ACAAACAGGAAGCAAAATGTGGATTCAGCAAACAAATTCTGGAAATACTAAATAGTACTGGTG,0.15053557
TGGATTCAGCAAACAAATTCTGGAAATACTAAATAGTACTGGTGTTGAATATGAAACATTCGA,0.06920849
TAAATAGTACTGGTGTTGAATATGAAACATTCGATATATTGGAGGATGAAGAAGTTCGGCAAG,0.04431513
ATAGTACTGGTGTTGAATATGAAACATTCGATATATTGGAGGATGAAGAAGTTCGGCAAGGAT,0.20148292
GAATATGAAACATTCGATATATTGGAGGATGAAGAAGTTCGGCAAGGATTAAAAGCTTACTCA,0.26549774
TGAAACATTCGATATATTGGAGGATGAAGAAGTTCGGCAAGGATTAAAAGCTTACTCAAATTG,0.29803455
GATGAAGAAGTTCGGCAAGGATTAAAAGCTTACTCAAATTGGCCAACATACCCTCAGCTGTAT,0.059998915
TTACTCAAATTGGCCAACATACCCTCAGCTGTATGTGAAAGGGGAGCTGGTGGGAGGATTGGA,0.30332327
TACTCAAATTGGCCAACATACCCTCAGCTGTATGTGAAAGGGGAGCTGGTGGGAGGATTGGAT,0.06896498
ACTCAAATTGGCCAACATACCCTCAGCTGTATGTGAAAGGGGAGCTGGTGGGAGGATTGGATA,0.46517032
ATTGGCCAACATACCCTCAGCTGTATGTGAAAGGGGAGCTGGTGGGAGGATTGGATATTGTGA,0.08905557
GGCCAACATACCCTCAGCTGTATGTGAAAGGGGAGCTGGTGGGAGGATTGGATATTGTGAAGG,0.39075083
GCCAACATACCCTCAGCTGTATGTGAAAGGGGAGCTGGTGGGAGGATTGGATATTGTGAAGGA,0.12419926
AACATACCCTCAGCTGTATGTGAAAGGGGAGCTGGTGGGAGGATTGGATATTGTGAAGGAACT,0.085250475
ACCCTCAGCTGTATGTGAAAGGGGAGCTGGTGGGAGGATTGGATATTGTGAAGGAACTGAAAG,0.05488435
ATGTGAAAGGGGAGCTGGTGGGAGGATTGGATATTGTGAAGGAACTGAAAGAAAATGGTGAAT,0.22574735
GGTGGGAGGATTGGATATTGTGAAGGAACTGAAAGAAAATGGTGAATTGCTGCCTATACTGAG,0.06106235
GGAACTGAAAGAAAATGGTGAATTGCTGCCTATACTGAGAGGAGAAAATTAATAAATCTTAAA,0.05123041
TGCCTATACTGAGAGGAGAAAATTAATAAATCTTAAACTTGGTGCCCAACTATTACGGGGTCT,0.109316625
AGAAAATTAATAAATCTTAAACTTGGTGCCCAACTATTACGGGGTCTGGCTCTGTCACCCAGG,0.05084198
GAAAATTAATAAATCTTAAACTTGGTGCCCAACTATTACGGGGTCTGGCTCTGTCACCCAGGC,0.35352343
AAAATTAATAAATCTTAAACTTGGTGCCCAACTATTACGGGGTCTGGCTCTGTCACCCAGGCT,0.46738845
TAATAAATCTTAAACTTGGTGCCCAACTATTACGGGGTCTGGCTCTGTCACCCAGGCTGGAGT,0.10145217
CTTGGTGCCCAACTATTACGGGGTCTGGCTCTGTCACCCAGGCTGGAGTGCAGTGGCACGATT,0.26180476
GTGCCCAACTATTACGGGGTCTGGCTCTGTCACCCAGGCTGGAGTGCAGTGGCACGATTATGG,0.096764
ATTACGGGGTCTGGCTCTGTCACCCAGGCTGGAGTGCAGTGGCACGATTATGGCTCATTGCAG,0.21301416
TGGCTCTGTCACCCAGGCTGGAGTGCAGTGGCACGATTATGGCTCATTGCAGCCTCGACTTCT,0.04705002
GCAGTGGCACGATTATGGCTCATTGCAGCCTCGACTTCTCGGGGCCAAGCGATCCTCCTGCCT,0.048097182
CAGTGGCACGATTATGGCTCATTGCAGCCTCGACTTCTCGGGGCCAAGCGATCCTCCTGCCTC,0.2127788
AGTGGCACGATTATGGCTCATTGCAGCCTCGACTTCTCGGGGCCAAGCGATCCTCCTGCCTCA,0.43846548
GGGGCCAAGCGATCCTCCTGCCTCAGCCTTCTGAGTAGCTGGGACCACAGGCGTGCACCACCA,0.2390024
GGGCCAAGCGATCCTCCTGCCTCAGCCTTCTGAGTAGCTGGGACCACAGGCGTGCACCACCAT,0.043375466
CGATCCTCCTGCCTCAGCCTTCTGAGTAGCTGGGACCACAGGCGTGCACCACCATGCCCACCT,0.3263539
CCACCATGCCCACCTAATTTTTTATTTCTTGTAGAGATGAGGTCTCCTGCCTCAGCCTCCCAA,0.043086328
TGTAGAGATGAGGTCTCCTGCCTCAGCCTCCCAAAGTGCTGGAATTTACAGGTAGGACCACCA,0.2861219
AGGTCTCCTGCCTCAGCCTCCCAAAGTGCTGGAATTTACAGGTAGGACCACCACACTTGGTCC,0.23545581
CTCCTGCCTCAGCCTCCCAAAGTGCTGGAATTTACAGGTAGGACCACCACACTTGGTCCACTT,0.2914004
TCCCAAAGTGCTGGAATTTACAGGTAGGACCACCACACTTGGTCCACTTACTTATAATAAACA,0.3873104
GGCTGCAGATTCTTAGTGGACAGCTCTCATATCCCCTCCAGGGAAAATGATGAAAAATGTCTT,0.15537737
GCTGCAGATTCTTAGTGGACAGCTCTCATATCCCCTCCAGGGAAAATGATGAAAAATGTCTTC,0.1686953
AAAATGATGAAAAATGTCTTCAGAAAAATAGCTTTATGAAGGCAAGAGGACTTTTTGCACCTG,0.043485787
TGAAAAATGTCTTCAGAAAAATAGCTTTATGAAGGCAAGAGGACTTTTTGCACCTGCAAGACA,0.18766391
GGACTTTTTGCACCTGCAAGACATGTCTGAAAGCTCCTCAGGTCAAAACACAAGTAGTCAAGA,0.22962664
TAATTCATCATACTACTCTGATCCAAGTGAGACCCACACTGGGTCAGCTCCATCAAGGAGAAG,0.23248091
AATTCATCATACTACTCTGATCCAAGTGAGACCCACACTGGGTCAGCTCCATCAAGGAGAAGA,0.40238118
TCTGATCCAAGTGAGACCCACACTGGGTCAGCTCCATCAAGGAGAAGAACATTCCACCCACGT,0.1776039
GGTCAGCTCCATCAAGGAGAAGAACATTCCACCCACGTTTGGATTCTGGAATATCATCCTTGC,0.14327015
TCCATCAAGGAGAAGAACATTCCACCCACGTTTGGATTCTGGAATATCATCCTTGCTTCCATC,0.051519625
TCATCCTTGCTTCCATCAGATTCTTGTAAGTACCTCACTTGGCACAAGGTAGACATGACGTTC,0.0752285
TGCTTCCATCAGATTCTTGTAAGTACCTCACTTGGCACAAGGTAGACATGACGTTCAAGGAAG,0.32684267
GTAAGTACCTCACTTGGCACAAGGTAGACATGACGTTCAAGGAAGTCAACTGCGTTGCCCAAG,0.058289547
CGTTCAAGGAAGTCAACTGCGTTGCCCAAGAGTAAGAGAAGGTAAAAGAATAAATGTGTGCCT,0.33871052
GTGCCTTTTTCGTGTACATCCTCTGAATAGAATTTTTTGTGGATTAAAAGACATTACTTGAAG,0.04064318
TTAAAAGACATTACTTGAAGAAAAAAAAAAGACACCATTTGGAGGAATCTCTGAAGAAGAGCA,0.052296005
AAAGACATTACTTGAAGAAAAAAAAAAGACACCATTTGGAGGAATCTCTGAAGAAGAGCAACT,0.18029058
CATTTGGAGGAATCTCTGAAGAAGAGCAACTTTTCAGACAGGTAGAGTGTGCCTTGCTCCCAA,0.26686558
GAGCAACTTTTCAGACAGGTAGAGTGTGCCTTGCTCCCAAGGAAAAGAGTTCTTGAAAAAAAC,0.32975134
GCCTTGCTCCCAAGGAAAAGAGTTCTTGAAAAAAACAAATGGGAAACATGGCTACAAGAAAAC,0.04943035
CCTTGCTCCCAAGGAAAAGAGTTCTTGAAAAAAACAAATGGGAAACATGGCTACAAGAAAACT,0.13289078
CCAAGGAAAAGAGTTCTTGAAAAAAACAAATGGGAAACATGGCTACAAGAAAACTGGGAAGAC,0.07934566
CTTGAAAAAAACAAATGGGAAACATGGCTACAAGAAAACTGGGAAGACTGCAAGAATTTGAAC,0.3949702
TTGAAAAAAACAAATGGGAAACATGGCTACAAGAAAACTGGGAAGACTGCAAGAATTTGAACA,0.44146147
AAAACTGGGAAGACTGCAAGAATTTGAACATTTCATTTCAGGGTTTGGGGGATCCTTACCAAG,0.042242702
AAACTGGGAAGACTGCAAGAATTTGAACATTTCATTTCAGGGTTTGGGGGATCCTTACCAAGT,0.046248022
GGGAAGACTGCAAGAATTTGAACATTTCATTTCAGGGTTTGGGGGATCCTTACCAAGTTGAAA,0.04118527
GGAAGACTGCAAGAATTTGAACATTTCATTTCAGGGTTTGGGGGATCCTTACCAAGTTGAAAA,0.04122416
GAAGACTGCAAGAATTTGAACATTTCATTTCAGGGTTTGGGGGATCCTTACCAAGTTGAAAAT,0.050807636
AAGACTGCAAGAATTTGAACATTTCATTTCAGGGTTTGGGGGATCCTTACCAAGTTGAAAATT,0.06806058
AACAGAATTCTTAGAAGACTAATTCGAGTTGAAACCCTCTGGTTAGTGGATAATTCACTGGTG,0.29133955
TTCTTAGAAGACTAATTCGAGTTGAAACCCTCTGGTTAGTGGATAATTCACTGGTGGACTTAA,0.11397396
TAATTCGAGTTGAAACCCTCTGGTTAGTGGATAATTCACTGGTGGACTTAAGTGCCATAAGAT,0.28754175
TTCGAGTTGAAACCCTCTGGTTAGTGGATAATTCACTGGTGGACTTAAGTGCCATAAGATTGC,0.34590024
TGCCAAGAGTATTCTCCTGTTTGCCAAACTTAAAAATGCTGGATGGAATCTTGAAGCTACCAG,0.040243562
AAGAGTATTCTCCTGTTTGCCAAACTTAAAAATGCTGGATGGAATCTTGAAGCTACCAGAAGA,0.047117654
AGAAAGCAATCATCATTGTTGCTAAAAGCTAATAAACACAGGACATGCATGATTAAATATTGC,0.25339594
ATTGCAGTTTATTTTATATCTTTTTGCTTTTCTAAATCAAGGCAAAAACATGCTAACTGACAA,0.047611237
TAAATCAAGGCAAAAACATGCTAACTGACAAGAAAATCATGGGTTTTATACAAGGATAACAAG,0.060412087
AAATCAAGGCAAAAACATGCTAACTGACAAGAAAATCATGGGTTTTATACAAGGATAACAAGT,0.31588137
AAACATGCTAACTGACAAGAAAATCATGGGTTTTATACAAGGATAACAAGTGCTGGGTTGCTT,0.2892048
ACAAGAAAATCATGGGTTTTATACAAGGATAACAAGTGCTGGGTTGCTTAGCTATGAGGAAGG,0.3277213
CAAGAAAATCATGGGTTTTATACAAGGATAACAAGTGCTGGGTTGCTTAGCTATGAGGAAGGC,0.20302685
TTTATACAAGGATAACAAGTGCTGGGTTGCTTAGCTATGAGGAAGGCTAGGCTCACTGCATAC,0.21334873
TACAAGGATAACAAGTGCTGGGTTGCTTAGCTATGAGGAAGGCTAGGCTCACTGCATACCAGA,0.042724848
GGATAACAAGTGCTGGGTTGCTTAGCTATGAGGAAGGCTAGGCTCACTGCATACCAGAAGATG,0.20023814
GAAGGCTAGGCTCACTGCATACCAGAAGATGTACAGCGTTGGAGAATTCAGGGATTTTTATCA,0.050578177
CTCACTGCATACCAGAAGATGTACAGCGTTGGAGAATTCAGGGATTTTTATCAACAATCAAAC,0.12445635
TCACTGCATACCAGAAGATGTACAGCGTTGGAGAATTCAGGGATTTTTATCAACAATCAAACT,0.16833566
AGAATTCAGGGATTTTTATCAACAATCAAACTATATTTGTGGAAATTTTGTGCATAAGTGCCA,0.041235875
AACTATATTTGTGGAAATTTTGTGCATAAGTGCCAAAGATGGCTGACATCGGACCACATTCTA,0.055626854
GTGGAAATTTTGTGCATAAGTGCCAAAGATGGCTGACATCGGACCACATTCTATTTAACTCAA,0.055648796
ATCCACCCTTCTGAAATATTTAATTATTCTCCAATACACTGGAGGTAATAGGTATAAAAAGAA,0.062199563
CACCCTTCTGAAATATTTAATTATTCTCCAATACACTGGAGGTAATAGGTATAAAAAGAATGA,0.095717
CTGAAATATTTAATTATTCTCCAATACACTGGAGGTAATAGGTATAAAAAGAATGAGCATGTG,0.070845366
TCCCAAGTTCATTCTTCCCCTGAATGTCCCATGTCTACCAGGTGCAGGATTATCTGGATGGGT,0.43724537
GTTCATTCTTCCCCTGAATGTCCCATGTCTACCAGGTGCAGGATTATCTGGATGGGTCAGTTC,0.29413643
TCCCCTGAATGTCCCATGTCTACCAGGTGCAGGATTATCTGGATGGGTCAGTTCAAAACAATT,0.20698783
CTGAATGTCCCATGTCTACCAGGTGCAGGATTATCTGGATGGGTCAGTTCAAAACAATTTCAG,0.06299224
TGAATGTCCCATGTCTACCAGGTGCAGGATTATCTGGATGGGTCAGTTCAAAACAATTTCAGG,0.32076898
GTGCAGGATTATCTGGATGGGTCAGTTCAAAACAATTTCAGGGAATAAATTGTGTAGGGGACT,0.04951448
TGCAGGATTATCTGGATGGGTCAGTTCAAAACAATTTCAGGGAATAAATTGTGTAGGGGACTC,0.0744572
ATGGGTCAGTTCAAAACAATTTCAGGGAATAAATTGTGTAGGGGACTCAATTTTCTGAGACAG,0.04070262
TGGGTCAGTTCAAAACAATTTCAGGGAATAAATTGTGTAGGGGACTCAATTTTCTGAGACAGA,0.11128832
GGGTCAGTTCAAAACAATTTCAGGGAATAAATTGTGTAGGGGACTCAATTTTCTGAGACAGAA,0.08720434
GTGAATGCTTACATCAATCAGCTCTACAATATCCAGTAAAGGACTTTCCAATTCGCCTTTGAA,0.2895135
TCCAGTAAAGGACTTTCCAATTCGCCTTTGAATAAACTGAGGTATTGGAAACATCTAAGAAAA,0.07203393
AAAGGACTTTCCAATTCGCCTTTGAATAAACTGAGGTATTGGAAACATCTAAGAAAATGGTTT,0.04725807
CCTTTGAATAAACTGAGGTATTGGAAACATCTAAGAAAATGGTTTTTAATTCTTCCTAATCTT,0.043528315
AACATCTAAGAAAATGGTTTTTAATTCTTCCTAATCTTCAGGGAGTTCTTCCTTATATTGAGC,0.04090908
ACATCTAAGAAAATGGTTTTTAATTCTTCCTAATCTTCAGGGAGTTCTTCCTTATATTGAGCT,0.042792007
TCAAATCTCTCAAGTGATTATAATTAATTCCATCTTATAAGGAATTTTTCTCAGCTTCCAGCC,0.04566017
CCTCTTGAAAATACTCTGATATTTTCTCTAATATTCAAGTGGAAATGTAAATGGGTAACGTAA,0.15335312
ACTCTGATATTTTCTCTAATATTCAAGTGGAAATGTAAATGGGTAACGTAAGAGTCTGTGGGG,0.06695676
CTCTGATATTTTCTCTAATATTCAAGTGGAAATGTAAATGGGTAACGTAAGAGTCTGTGGGGT,0.059200928
TATTCAAGTGGAAATGTAAATGGGTAACGTAAGAGTCTGTGGGGTTAGGAGGGTGGAGGAAAG,0.13614616
ATTCAAGTGGAAATGTAAATGGGTAACGTAAGAGTCTGTGGGGTTAGGAGGGTGGAGGAAAGG,0.0821442
TTCAAGTGGAAATGTAAATGGGTAACGTAAGAGTCTGTGGGGTTAGGAGGGTGGAGGAAAGGT,0.16764282
GTGGAAATGTAAATGGGTAACGTAAGAGTCTGTGGGGTTAGGAGGGTGGAGGAAAGGTAAGGG,0.051303953
GAAATGTAAATGGGTAACGTAAGAGTCTGTGGGGTTAGGAGGGTGGAGGAAAGGTAAGGGAAA,0.16089526
AAATGTAAATGGGTAACGTAAGAGTCTGTGGGGTTAGGAGGGTGGAGGAAAGGTAAGGGAAAG,0.23228616
TGTAAATGGGTAACGTAAGAGTCTGTGGGGTTAGGAGGGTGGAGGAAAGGTAAGGGAAAGCTA,0.06905413
AAATGGGTAACGTAAGAGTCTGTGGGGTTAGGAGGGTGGAGGAAAGGTAAGGGAAAGCTAATG,0.25051758
GGTAACGTAAGAGTCTGTGGGGTTAGGAGGGTGGAGGAAAGGTAAGGGAAAGCTAATGAGAAA,0.11566338
CGTAAGAGTCTGTGGGGTTAGGAGGGTGGAGGAAAGGTAAGGGAAAGCTAATGAGAAATAACC,0.2800107
GTAAGAGTCTGTGGGGTTAGGAGGGTGGAGGAAAGGTAAGGGAAAGCTAATGAGAAATAACCA,0.27349576
AAGAATTTTATTTTCTTCAAGTTCTTTGTACATCCAAAGTGGAAGATTCCTAAAATAAATTCC,0.075634986
ATTCCTAAAATAAATTCCCCATACCACATTTTAAAAATTAGGTTAGCAAGCTTACTTTTTAAT,0.093042746
ATAATGCCAAACTATGTTAATAGATGCCTATTTTTTTAAAGGCTAATTGCAATCATGAAACCA,0.04723472
GCAATCATGAAACCAAATATCTAATTAGTTTTAGAGCTTTGGACCACATGCATCAATATTTGA,0.04111203
TAGAGCTTTGGACCACATGCATCAATATTTGAATCATTCAGGTGTATATTTGCTTTCTGCTTT,0.05235015
AAAAGAAGTATTATATGCATTCTGTTTATAATTTCTAAATGGTCATTTCAAAACTGATTATAC,0.052059624
TCTCTAAGCTCTCAGTGTCCTTGAGCTATATATATTTTATGGCAATTTTTACTTAATAGTTTG,0.04001107
TTATTTTTGACAATGACTACTAAAATGCAAGTTTCTTCAAGGGCAGATTCACCTTAGTTCTTC,0.04932346
TATTTTTGACAATGACTACTAAAATGCAAGTTTCTTCAAGGGCAGATTCACCTTAGTTCTTCT,0.05088085
GATTCACCTTAGTTCTTCTTTATACCCCTCAAAAACCTCAGGGTTATTCTCAATAAGTATTGA,0.19687216
ATTCACCTTAGTTCTTCTTTATACCCCTCAAAAACCTCAGGGTTATTCTCAATAAGTATTGAG,0.36473694
CCTCAAAAACCTCAGGGTTATTCTCAATAAGTATTGAGTAGGTGAGTGAACTTTGGATGTATA,0.041336335
GGGTTATTCTCAATAAGTATTGAGTAGGTGAGTGAACTTTGGATGTATACTCCTTGAAATTAT,0.09265892
GAGTGAACTTTGGATGTATACTCCTTGAAATTATATTTCTGGAGCTGGAAAACTTTAAAAAAA,0.041421644
ACTTTGGATGTATACTCCTTGAAATTATATTTCTGGAGCTGGAAAACTTTAAAAAAATGTATG,0.10153769
